,X,lon,lat,cLitter,cSoil,cVeg,npp_year,rh_year,CWDC
1,X0,100.2,17.85,1.104969382,7.220507622,5.685955524,0.838124307,0.786822359,0.884913802
2,X1,100.2,17.85,1.102715254,7.21972084,5.695429325,0.852990271,0.813983245,0.881826282
3,X2,100.2,17.85,1.102859139,7.220160961,5.689915657,0.776953076,0.814768445,0.882957995
4,X3,100.2,17.85,1.111347556,7.220291615,5.698863029,0.770748602,0.784478002,0.887162983
5,X4,100.2,17.85,1.113690495,7.222045898,5.725367546,0.881962073,0.791626606,0.890769899
6,X5,100.2,17.85,1.106787324,7.220817089,5.694826603,0.909294993,0.809630798,0.887244821
7,X6,100.2,17.85,1.095931411,7.219559669,5.671139717,0.788201297,0.7973125,0.877355695
8,X7,100.2,17.85,1.106261134,7.218648911,5.699074745,0.756391355,0.78611729,0.882848263
9,X8,100.2,17.85,1.110708475,7.221163273,5.699998379,0.930610237,0.767275241,0.887364388
10,X9,100.2,17.85,1.112648726,7.213950634,5.715212345,0.877175803,0.808243993,0.888394535
11,X10,100.2,17.85,1.113189936,7.214422226,5.727817059,0.781971014,0.843740114,0.88982594
12,X11,100.2,17.85,1.11666131,7.219470024,5.686312199,0.747369206,0.799143956,0.893872201
13,X12,100.2,17.85,1.11259675,7.224555492,5.690110683,0.818592219,0.79997249,0.892857671
14,X13,100.2,17.85,1.118647099,7.224949837,5.735427856,0.912144807,0.82342864,0.895387709
15,X14,100.2,17.85,1.120057821,7.224106789,5.774739265,0.753025812,0.815254031,0.896604717
16,X15,100.2,17.85,1.124617577,7.223488331,5.77473402,0.72470628,0.794024863,0.89882648
17,X16,100.2,17.85,1.124094129,7.21511364,5.773089409,0.845197167,0.800447139,0.899091959
18,X17,100.2,17.85,1.129613638,7.214465141,5.751018047,0.885034742,0.808600279,0.905863464
19,X18,100.2,17.85,1.131026149,7.215456963,5.750335217,0.745795916,0.811144807,0.907932639
20,X19,100.2,17.85,1.128475785,7.225310326,5.721570015,0.752308381,0.794258771,0.907261908
21,X20,100.2,17.85,1.125215411,7.229246616,5.719969273,0.865920152,0.795983029,0.90393728
22,X21,100.2,17.85,1.119916439,7.229286671,5.724522591,0.843364244,0.816667528,0.897571206
23,X22,100.2,17.85,1.117270589,7.23035717,5.714688301,0.722467334,0.81205646,0.896088719
24,X23,100.2,17.85,1.123462439,7.230860233,5.720348358,0.748940607,0.793959209,0.898184061
25,X24,100.2,17.85,1.123927474,7.232889652,5.744497776,0.85151452,0.788704998,0.900055349
26,X25,100.2,17.85,1.115444779,7.23179388,5.712272167,0.888402375,0.80823867,0.895054519
27,X26,100.2,17.85,1.103263259,7.230544567,5.687326431,0.738201433,0.80896672,0.88393712
28,X27,100.2,17.85,1.11262536,7.229570866,5.714345932,0.706121728,0.798220143,0.888542235
29,X28,100.2,17.85,1.116307139,7.232027531,5.714698315,0.842034531,0.793125843,0.892345965
30,X29,100.2,17.85,1.117627263,7.224644184,5.729515553,0.916328903,0.819766832,0.892792046
31,X30,100.2,17.85,1.117665768,7.225016117,5.741769791,0.787712018,0.816304333,0.893763781
32,X31,100.2,17.85,1.120758414,7.229935169,5.699958324,0.791170438,0.789493131,0.897454202
33,X32,100.2,17.85,1.116348505,7.234854698,5.703374863,0.87360776,0.79145272,0.896142006
34,X33,100.2,17.85,1.122141242,7.23509407,5.748366833,0.873695583,0.820269955,0.898437262
35,X34,100.2,17.85,1.123319507,7.234120369,5.787305355,0.785561,0.854792753,0.899450064
36,X35,100.2,17.85,1.127679706,7.233363152,5.78674984,0.752998154,0.805138933,0.901501596
37,X36,100.2,17.85,1.126964092,7.224817753,5.784479618,0.865732659,0.79676242,0.901606202
38,X37,100.2,17.85,1.132324934,7.223997593,5.761658669,0.889836218,0.821419969,0.908253551
39,X38,100.2,17.85,1.133559227,7.224831104,5.760136127,0.749036174,0.816768912,0.910181522
40,X39,100.2,17.85,1.130819082,7.2344594,5.730408192,0.751419727,0.793502302,0.909366429
41,X40,100.2,17.85,1.12737155,7.238173008,5.727810383,0.844460207,0.812177451,0.905890644
42,X41,100.2,17.85,1.12186873,7.237981319,5.731323719,0.918864462,0.823507028,0.899360716
43,X42,100.2,17.85,1.119018435,7.238833904,5.720348358,0.768415866,0.822049674,0.897720695
44,X43,100.2,17.85,1.125006676,7.239079952,5.724863052,0.787650772,0.79143966,0.899656355
45,X44,100.2,17.85,1.125259042,7.240918159,5.747801304,0.871335656,0.782057165,0.901358008
46,X45,100.2,17.85,1.11654973,7.23957634,5.714338779,0.881929978,0.809487373,0.896173477
47,X46,100.2,17.85,1.104127526,7.238038063,5.688197613,0.745486817,0.818657293,0.884857833
48,X47,100.2,17.85,1.113266349,7.236772537,5.714122295,0.751501363,0.774040658,0.889280736
49,X48,100.2,17.85,1.116728902,7.238986969,5.713378906,0.811951502,0.783620061,0.892901897
50,X49,100.2,17.85,1.117830396,7.231264591,5.727052212,0.867460268,0.810803679,0.893168092
51,X50,100.2,17.85,1.117658377,7.231407166,5.738312244,0.76567109,0.826212863,0.89395982
52,X51,100.2,17.85,1.120529294,7.236056805,5.695561886,0.781012738,0.786108887,0.897468925
53,X52,100.2,17.85,1.115934253,7.240644932,5.698209286,0.910992999,0.792607041,0.895982563
54,X53,100.2,17.85,1.121546507,7.240628719,5.742413521,0.932686964,0.817927394,0.898118019
55,X54,100.2,17.85,1.122554541,7.239441395,5.780624866,0.775627866,0.821607449,0.898976922
56,X55,100.2,17.85,1.126760602,7.238455296,5.779621601,0.771129497,0.795012569,0.90088743
57,X56,100.2,17.85,1.125919104,7.22968626,5.777005196,0.891787718,0.789448648,0.900870562
58,X57,100.2,17.85,1.131167889,7.228644371,5.754022121,0.937229703,0.82082813,0.90740484
59,X58,100.2,17.85,1.132314563,7.229285717,5.75237608,0.768652134,0.832057774,0.909245014
60,X59,100.2,17.85,1.12951088,7.238698959,5.72280407,0.766325013,0.798386474,0.90835762
61,X60,100.2,17.85,1.126038909,7.242235184,5.720410347,0.841365795,0.78646569,0.904834092
62,X61,100.2,17.85,1.120539308,7.241897583,5.724112988,0.868404581,0.831055662,0.89829123
63,X62,100.2,17.85,1.117691875,7.242632866,5.713551044,0.716727565,0.819323218,0.896637142
64,X63,100.2,17.85,1.123710155,7.242773533,5.718660831,0.636881403,0.796096293,0.898576438
65,X64,100.2,17.85,1.124017477,7.244530678,5.742209911,0.767519193,0.783923096,0.900303006
66,X65,100.2,17.85,1.115392327,7.243143559,5.70949173,0.808985223,0.812343463,0.895171285
67,X66,100.2,17.85,1.103082895,7.241588593,5.684243679,0.741144478,0.814674334,0.883931398
68,X67,100.2,17.85,1.112340331,7.240342617,5.711088181,0.722798579,0.796669172,0.88843292
69,X68,100.2,17.85,1.115937829,7.242571831,5.7113204,0.775926892,0.796663714,0.89214921
70,X69,100.2,17.85,1.117199421,7.234938622,5.726120472,0.866123789,0.822739548,0.892528713
71,X70,100.2,17.85,1.117200971,7.235131741,5.738537312,0.710793133,0.811316853,0.89344871
72,X71,100.2,17.85,1.120271206,7.239884853,5.697036743,0.711113219,0.798786815,0.897102714
73,X72,100.2,17.85,1.11588192,7.244637966,5.700956345,0.805306392,0.775617734,0.895779192
74,X73,100.2,17.85,1.121715307,7.244771957,5.746560574,0.866700721,0.814704749,0.89808315
75,X74,100.2,17.85,1.12296629,7.243719578,5.786297798,0.752638718,0.812873934,0.899130464
76,X75,100.2,17.85,1.127422333,7.24290657,5.786668777,0.76664814,0.80687036,0.901237011
77,X76,100.2,17.85,1.126840353,7.23433876,5.785554886,0.892524814,0.779232538,0.901423693
78,X77,100.2,17.85,1.132354379,7.233533859,5.763965607,0.937123066,0.817198705,0.908172846
79,X78,100.2,17.85,1.133793116,7.234406471,5.763983727,0.759411529,0.818912346,0.910239398
80,X79,100.2,17.85,1.131281853,7.24416256,5.735862732,0.717674696,0.785917278,0.909586906
81,X80,100.2,17.85,1.128088832,7.248026848,5.735090256,0.855722895,0.789064453,0.906296551
82,X81,100.2,17.85,1.122881293,7.248017788,5.740553379,0.876693625,0.808988776,0.899981558
83,X82,100.2,17.85,1.120349646,7.24906683,5.731707096,0.789031904,0.808983364,0.898577332
84,X83,100.2,17.85,1.12669158,7.249599934,5.738325119,0.771878819,0.792131158,0.900776565
85,X84,100.2,17.85,1.127317667,7.251663208,5.763794422,0.867076067,0.800381119,0.902763486
86,X85,100.2,17.85,1.119019032,7.25065136,5.732971668,0.894025855,0.820873475,0.897888303
87,X86,100.2,17.85,1.107023478,7.2495327,5.709423542,0.804832915,0.819015757,0.886902571
88,X87,100.2,17.85,1.11664021,7.248712063,5.737883568,0.769904624,0.79684418,0.891698241
89,X88,100.2,17.85,1.120589375,7.251342297,5.739880562,0.939789524,0.774504188,0.895705104
90,X89,100.2,17.85,1.12220335,7.244188786,5.756633282,0.908268831,0.81178629,0.896363378
91,X90,100.2,17.85,1.122545362,7.244756222,5.77090168,0.811884737,0.836986498,0.897570908
92,X91,100.2,17.85,1.125988007,7.249976158,5.731352806,0.76720615,0.798808497,0.901527226
93,X92,100.2,17.85,1.121901274,7.255268097,5.73698473,0.842591157,0.803225135,0.900468409
94,X93,100.2,17.85,1.128107071,7.255829334,5.784294128,0.935345121,0.832510168,0.903093517
95,X94,100.2,17.85,1.129701972,7.255132675,5.825889111,0.777268672,0.83243465,0.904437661
96,X95,100.2,17.85,1.134525657,7.254758835,5.827806473,0.72617272,0.790384921,0.906837344
97,X96,100.2,17.85,1.134256959,7.246591091,5.828181267,0.852220775,0.790385657,0.907291174
98,X97,100.2,17.85,1.140113354,7.246224403,5.807701588,0.872958221,0.814523856,0.914351344
99,X98,100.2,17.85,1.141891956,7.247508049,5.809391975,0.761312106,0.823804272,0.916691303
100,X99,100.2,17.85,1.139678955,7.257824421,5.782297134,0.78217275,0.804215753,0.916301012
101,X100,100.2,17.85,1.136705637,7.262169361,5.782619476,0.913853802,0.812900552,0.913218856
102,X101,100.2,17.85,1.131735206,7.262604237,5.789117813,0.908649276,0.829215112,0.90709734
103,X102,100.2,17.85,1.129401088,7.264080524,5.781013489,0.770625463,0.813738202,0.905887723
104,X103,100.2,17.85,1.135965347,7.265053749,5.788005829,0.758786817,0.797492662,0.908288836
105,X104,100.2,17.85,1.136752605,7.267482758,5.814098358,0.881766613,0.784672102,0.910445571
106,X105,100.2,17.85,1.128559232,7.266813278,5.783655643,0.886858753,0.817470581,0.905667961
107,X106,100.2,17.85,1.116578937,7.266040325,5.75987196,0.751670678,0.823552584,0.894717395
108,X107,100.2,17.85,1.126294851,7.265517235,5.787866116,0.716860294,0.811080182,0.899636328
109,X108,100.2,17.85,1.130285263,7.26842165,5.78930521,0.809785874,0.792576997,0.903721213
110,X109,100.2,17.85,1.131899714,7.26143074,5.80553484,0.899936107,0.823887057,0.904398203
111,X110,100.2,17.85,1.132171035,7.262156487,5.818992615,0.780603706,0.82251487,0.905595601
112,X111,100.2,17.85,1.135571599,7.267529011,5.778386116,0.795827001,0.792576748,0.909533799
113,X112,100.2,17.85,1.131298065,7.272942543,5.782586575,0.911973753,0.796462975,0.908392191
114,X113,100.2,17.85,1.137364745,7.273545265,5.828612804,0.895782067,0.82432545,0.910929859
115,X114,100.2,17.85,1.138751388,7.272871494,5.868788242,0.795790284,0.864886123,0.912134051
116,X115,100.2,17.85,1.143351316,7.272516251,5.868874073,0.775566724,0.814388007,0.914372325
117,X116,100.2,17.85,1.14279151,7.264257431,5.867331982,0.894536673,0.809409764,0.914611459
118,X117,100.2,17.85,1.148386478,7.263769627,5.844666004,0.877450826,0.822114353,0.921494484
119,X118,100.2,17.85,1.149848461,7.264925003,5.844329357,0.763432699,0.83453243,0.923591316
120,X119,100.2,17.85,1.147263646,7.274995804,5.81492281,0.762168951,0.802459723,0.922925353
121,X120,100.2,17.85,1.143893242,7.279072285,5.813016415,0.861511508,0.812439204,0.919520855
122,X121,100.2,17.85,1.138495207,7.279205799,5.817246914,0.907368392,0.826791789,0.91305238
123,X122,100.2,17.85,1.135742426,7.280385971,5.806921005,0.770258161,0.82388708,0.911509395
124,X123,100.2,17.85,1.141914487,7.280992031,5.811753273,0.77690965,0.79741699,0.91359359
125,X124,100.2,17.85,1.142307401,7.283154011,5.835876465,0.874871296,0.787231874,0.915423572
126,X125,100.2,17.85,1.133688927,7.282128811,5.803505421,0.884915001,0.80824153,0.910283446
127,X126,100.2,17.85,1.121276259,7.280921936,5.777939796,0.739453642,0.820082481,0.898958683
128,X127,100.2,17.85,1.130649805,7.279963493,5.804383755,0.708838641,0.771306412,0.903589129
129,X128,100.2,17.85,1.134319663,7.282536507,5.804460049,0.822724522,0.784900126,0.907393694
130,X129,100.2,17.85,1.135629416,7.275060654,5.819562912,0.898976458,0.814881533,0.907794654
131,X130,100.2,17.85,1.135623574,7.275475979,5.832089424,0.731518742,0.820408875,0.908740401
132,X131,100.2,17.85,1.138784409,7.280500889,5.790683746,0.767923884,0.786260984,0.912459731
133,X132,100.2,17.85,1.134288549,7.285517216,5.794290543,0.899100169,0.797297977,0.911115229
134,X133,100.2,17.85,1.140187383,7.285816193,5.839980125,0.93909012,0.830579559,0.913480699
135,X134,100.2,17.85,1.141434073,7.284897327,5.880057335,0.783826013,0.832667046,0.914537251
136,X135,100.2,17.85,1.145934939,7.284301758,5.880232334,0.777695319,0.79531077,0.916662753
137,X136,100.2,17.85,1.14531219,7.27580452,5.879024982,0.882387241,0.794663611,0.91681397
138,X137,100.2,17.85,1.15090394,7.275120258,5.856935501,0.966265579,0.82175876,0.923662782
139,X138,100.2,17.85,1.152406096,7.27613163,5.857505322,0.764274964,0.828366166,0.925753057
140,X139,100.2,17.85,1.14989996,7.286099911,5.829229832,0.743016823,0.784293156,0.925114036
141,X140,100.2,17.85,1.146647215,7.290114403,5.828704357,0.848723468,0.781947005,0.921768904
142,X141,100.2,17.85,1.14141953,7.290251732,5.83465004,0.85051551,0.829344229,0.915397108
143,X142,100.2,17.85,1.138892174,7.291464329,5.826246738,0.688846124,0.821132444,0.913998246
144,X143,100.2,17.85,1.145338774,7.292182446,5.832974911,0.647658722,0.807424824,0.916273177
145,X144,100.2,17.85,1.146037221,7.29448843,5.859366894,0.766883424,0.798355387,0.918330193
146,X145,100.2,17.85,1.137736917,7.293650627,5.829217911,0.828062502,0.827185457,0.913424551
147,X146,100.2,17.85,1.125636816,7.292715073,5.805577755,0.748948228,0.832407514,0.902343512
148,X147,100.2,17.85,1.135371208,7.292041779,5.833721638,0.707982851,0.792765291,0.90727222
149,X148,100.2,17.85,1.139386177,7.294878483,5.835403442,0.77355968,0.793336893,0.911371469
150,X149,100.2,17.85,1.141019583,7.287750721,5.85205698,0.889812667,0.826166604,0.912041843
151,X150,100.2,17.85,1.141304374,7.288424492,5.865726948,0.745735479,0.820078924,0.913257062
152,X151,100.2,17.85,1.14479208,7.293732166,5.824903965,0.734526865,0.790668371,0.917246342
153,X152,100.2,17.85,1.140453219,7.299156666,5.828691006,0.839589811,0.784819719,0.916120946
154,X153,100.2,17.85,1.146541834,7.299725533,5.874950409,0.879836272,0.819893503,0.918659031
155,X154,100.2,17.85,1.147911191,7.299012661,5.915297508,0.7615675,0.811680347,0.919851303
156,X155,100.2,17.85,1.152511954,7.298652649,5.915174007,0.753651749,0.801630347,0.922085226
157,X156,100.2,17.85,1.151919723,7.290339947,5.913556576,0.867731321,0.779626177,0.92229116
158,X157,100.2,17.85,1.157540798,7.289821625,5.890628815,0.959924359,0.817577548,0.929208517
159,X158,100.2,17.85,1.159023046,7.290956497,5.890559673,0.759913615,0.811240545,0.931302369
160,X159,100.2,17.85,1.156444073,7.30105257,5.861112118,0.732900618,0.80030203,0.930638671
161,X160,100.2,17.85,1.15305531,7.305155754,5.859457016,0.859842611,0.801109781,0.927211404
162,X161,100.2,17.85,1.147652864,7.30533886,5.864312649,0.866213843,0.820817575,0.920704484
163,X162,100.2,17.85,1.144946218,7.306586742,5.854574203,0.801133504,0.823636212,0.919184327
164,X163,100.2,17.85,1.151224852,7.307310104,5.859996319,0.775072411,0.796678682,0.921334207
165,X164,100.2,17.85,1.151736856,7.309602737,5.885311604,0.866038145,0.803186193,0.923245668
166,X165,100.2,17.85,1.143225193,7.308727264,5.85418272,0.915059249,0.823349015,0.918159008
167,X166,100.2,17.85,1.130898237,7.307707787,5.829730034,0.777753119,0.828734923,0.906875134
168,X167,100.2,17.85,1.140506744,7.306932926,5.857402325,0.775790724,0.803921965,0.911684215
169,X168,100.2,17.85,1.144415617,7.309755802,5.858906269,0.94313299,0.783631207,0.915674448
170,X169,100.2,17.85,1.145978093,7.302518845,5.875782013,0.914315133,0.823038299,0.916247427
171,X170,100.2,17.85,1.146233916,7.303155899,5.890034199,0.809110696,0.846915666,0.917405665
172,X171,100.2,17.85,1.149735093,7.308485508,5.850291252,0.759408222,0.808217334,0.921373129
173,X172,100.2,17.85,1.145456791,7.31391573,5.855405807,0.845507302,0.810663423,0.920249701
174,X173,100.2,17.85,1.151701212,7.314541817,5.903059959,0.93757738,0.82844632,0.922886252
175,X174,100.2,17.85,1.153255939,7.313848972,5.945192337,0.778193817,0.822175836,0.92419827
176,X175,100.2,17.85,1.158091187,7.313620567,5.946786404,0.762151723,0.799056123,0.92658639
177,X176,100.2,17.85,1.157736063,7.305410385,5.946977615,0.868623363,0.802777661,0.926962256
178,X177,100.2,17.85,1.163655996,7.305045605,5.925743103,0.936772092,0.823380763,0.934117556
179,X178,100.2,17.85,1.165480852,7.306375504,5.927905083,0.76941192,0.82932949,0.936461031
180,X179,100.2,17.85,1.163238883,7.316854,5.900400162,0.761304032,0.809455015,0.936062872
181,X180,100.2,17.85,1.160166264,7.321313381,5.900888443,0.885392498,0.803396228,0.932884991
182,X181,100.2,17.85,1.155111909,7.321858883,5.90822506,0.858418567,0.823163103,0.926642954
183,X182,100.2,17.85,1.152803063,7.323428631,5.900771141,0.7573006,0.825241299,0.925428808
184,X183,100.2,17.85,1.159515142,7.32459116,5.908119678,0.789353344,0.800582765,0.92792666
185,X184,100.2,17.85,1.160444736,7.3272686,5.935945034,0.865466501,0.786519493,0.930183709
186,X185,100.2,17.85,1.152341604,7.32684803,5.907397747,0.908660497,0.80668702,0.925408423
187,X186,100.2,17.85,1.140385747,7.326342106,5.885090828,0.764660631,0.817208323,0.914415538
188,X187,100.2,17.85,1.150485635,7.326114178,5.914901257,0.758450528,0.79775589,0.919630885
189,X188,100.2,17.85,1.154863358,7.329451084,5.918570042,0.849122708,0.796585444,0.924018204
190,X189,100.2,17.85,1.156891823,7.322768688,5.937916756,0.890940897,0.827598711,0.924960077
191,X190,100.2,17.85,1.157588959,7.323907375,5.954714298,0.796049857,0.825766474,0.926493764
192,X191,100.2,17.85,1.161615133,7.32979393,5.917035103,0.78430937,0.793266072,0.93087256
193,X192,100.2,17.85,1.157678008,7.335974693,5.923888683,0.881256295,0.78585877,0.930104613
194,X193,100.2,17.85,1.164399505,7.337151051,5.973979473,0.900592593,0.825176158,0.933130145
195,X194,100.2,17.85,1.166383147,7.336980343,6.018684387,0.793840246,0.864109342,0.934808254
196,X195,100.2,17.85,1.171684146,7.337366104,6.022214413,0.766713632,0.809491807,0.937566519
197,X196,100.2,17.85,1.171699286,7.329656124,6.024165154,0.885628078,0.802159094,0.938262284
198,X197,100.2,17.85,1.178052068,7.329890728,6.004101753,0.915672417,0.831361533,0.945823431
199,X198,100.2,17.85,1.180295467,7.331778049,6.008267403,0.761020171,0.819380214,0.948504627
200,X199,100.2,17.85,1.178400278,7.342961788,5.981635571,0.692402962,0.800427607,0.948426247
201,X200,100.2,17.85,1.175545454,7.348025322,5.983085632,0.850885332,0.824219337,0.945474863
202,X201,100.2,17.85,1.170757055,7.34911871,5.991661072,0.900205883,0.831075523,0.939424217
203,X202,100.2,17.85,1.168627977,7.351215363,5.984734058,0.749941126,0.813517433,0.938415468
204,X203,100.2,17.85,1.175601244,7.352962494,5.992581844,0.745588335,0.789798622,0.941139042
205,X204,100.2,17.85,1.176712871,7.356226921,6.021324635,0.818091421,0.780967601,0.943586469
206,X205,100.2,17.85,1.168715239,7.356241703,5.993499279,0.845598472,0.816635746,0.938895524
207,X206,100.2,17.85,1.156761289,7.35622406,5.971217632,0.764799655,0.829850945,0.927910864
208,X207,100.2,17.85,1.167054653,7.356472492,6.001116753,0.76331374,0.774561039,0.933320403
209,X208,100.2,17.85,1.171571255,7.360348701,6.004832745,0.85534827,0.783899063,0.937859714
210,X209,100.2,17.85,1.173695207,7.353935719,6.024376869,0.92957079,0.824096786,0.93888098
211,X210,100.2,17.85,1.1744169,7.355340004,6.041377544,0.790681407,0.82907618,0.940480769
212,X211,100.2,17.85,1.178576708,7.361552715,6.003517628,0.787933059,0.797072175,0.944956779
213,X212,100.2,17.85,1.174564958,7.368067741,6.009774208,0.880794431,0.799991429,0.94421494
214,X213,100.2,17.85,1.181379676,7.369475365,6.060328007,0.919343975,0.821250837,0.947305679
215,X214,100.2,17.85,1.183399439,7.36960268,6.105808735,0.777491882,0.830476019,0.949011087
216,X215,100.2,17.85,1.188801527,7.37031126,6.109760761,0.749486053,0.80620391,0.951820552
217,X216,100.2,17.85,1.188848495,7.362789154,6.112150669,0.878703138,0.794138129,0.952530265
218,X217,100.2,17.85,1.195356488,7.36323595,6.092403412,0.948642899,0.82767856,0.960239232
219,X218,100.2,17.85,1.197787762,7.365393162,6.098110199,0.78704669,0.845655429,0.963026881
220,X219,100.2,17.85,1.196050763,7.377020359,6.072470665,0.777736623,0.805949394,0.963067949
221,X220,100.2,17.85,1.193282962,7.382428169,6.075073719,0.875377274,0.794385919,0.960185051
222,X221,100.2,17.85,1.201064825,7.383341789,6.064379215,0.878044544,0.837122375,0.963729203
223,X222,100.2,17.85,1.192465067,7.383516312,6.040305614,0.729934686,0.82451081,0.960963368
224,X223,100.2,17.85,1.194932938,7.390090942,6.082683086,0.657206911,0.802721322,0.961886823
225,X224,100.2,17.85,1.19752562,7.393796921,6.077464104,0.805243623,0.798109767,0.961302221
226,X225,100.2,17.85,1.20121491,7.399903774,6.055725574,0.824427127,0.821400087,0.965301692
227,X226,100.2,17.85,1.191586018,7.400852203,6.028987408,0.734449391,0.818063868,0.96137315
228,X227,100.2,17.85,1.189651132,7.390006542,6.091357231,0.701552107,0.799138213,0.955907583
229,X228,100.2,17.85,1.185960531,7.39003849,6.102807045,0.778127545,0.79675184,0.952810407
230,X229,100.2,17.85,1.188507676,7.392412186,6.072269917,0.869170846,0.829549186,0.95339638
231,X230,100.2,17.85,1.188950896,7.39486742,6.026090622,0.751331655,0.823967008,0.956501663
232,X231,100.2,17.85,1.184452653,7.39947176,5.989214897,0.741014231,0.80854636,0.952781618
233,X232,100.2,17.85,1.182278037,7.407139301,6.003402233,0.861141661,0.791715586,0.950456321
234,X233,100.2,17.85,1.179596663,7.406877518,6.023669243,0.952551532,0.836213013,0.948008299
235,X234,100.2,17.85,1.17535758,7.403495789,6.06073904,0.78176467,0.825461796,0.942573607
236,X235,100.2,17.85,1.176765561,7.400662899,6.109895229,0.750049271,0.814881879,0.941846192
237,X236,100.2,17.85,1.187213898,7.407466888,6.131289959,0.862985486,0.789937602,0.949509501
238,X237,100.2,17.85,1.185935378,7.4064641,6.129388809,0.973225001,0.838697884,0.950383306
239,X238,100.2,17.85,1.19266808,7.396612644,6.125370502,0.749649052,0.825378464,0.954670846
240,X239,100.2,17.85,1.205439329,7.395240784,6.19498682,0.692847424,0.799546357,0.963499129
241,X240,100.2,17.85,1.215846062,7.408490658,6.166110516,0.829780784,0.794543453,0.97575438
242,X241,100.2,17.85,1.203179836,7.413121223,6.12163496,0.865639625,0.819383213,0.968929946
243,X242,100.2,17.85,1.201274753,7.400531769,6.148100376,0.788941425,0.818064378,0.96322
244,X243,100.2,17.85,1.208098292,7.40093708,6.173034191,0.767160697,0.790369576,0.969802856
245,X244,100.2,17.85,1.209993243,7.409100533,6.182567596,0.864501787,0.799353225,0.971507907
246,X245,100.2,17.85,1.219144464,7.412539005,6.172496319,0.905188451,0.828825741,0.977406979
247,X246,100.2,17.85,1.21446681,7.429317951,6.138611317,0.806958953,0.824139657,0.978050411
248,X247,100.2,17.85,1.210764527,7.4346838,6.162590981,0.774221605,0.802647995,0.97326225
249,X248,100.2,17.85,1.214480996,7.434491634,6.198920727,0.931341048,0.77550945,0.97472322
250,X249,100.2,17.85,1.212292433,7.410494328,6.234641552,0.903248505,0.820798074,0.972490728
251,X250,100.2,17.85,1.221357465,7.406917572,6.245772839,0.770584986,0.848855648,0.978675544
252,X251,100.2,17.85,1.215025306,7.407884598,6.290575981,0.762472998,0.810808826,0.976578057
253,X252,100.2,17.85,1.221929073,7.408099651,6.312448502,0.83733384,0.811114229,0.979082406
254,X253,100.2,17.85,1.220780849,7.409160614,6.346737862,0.928114374,0.837255344,0.980572283
255,X254,100.2,17.85,1.233560324,7.41341114,6.335488319,0.766042654,0.835610422,0.988933444
256,X255,100.2,17.85,1.248690724,7.420575619,6.321773052,0.771112003,0.79998826,1.001158834
257,X256,100.2,17.85,1.254910231,7.425775528,6.35344696,0.896917181,0.803650908,1.006662726
258,X257,100.2,17.85,1.252059817,7.441998959,6.297165394,0.958064074,0.838887341,1.009053588
259,X258,100.2,17.85,1.250619411,7.451627254,6.281116009,0.772342981,0.833997516,1.004106879
260,X259,100.2,17.85,1.247280836,7.45589304,6.246754646,0.773047759,0.807798908,1.003418088
261,X260,100.2,17.85,1.238826752,7.462566853,6.234494686,0.938738022,0.815082317,0.999364436
262,X261,100.2,17.85,1.239081264,7.459130764,6.276937485,0.926077045,0.835494755,0.995737076
263,X262,100.2,17.85,1.248689651,7.466561317,6.274760246,0.76404234,0.832837875,1.002526522
264,X263,100.2,17.85,1.244348884,7.468616486,6.284743786,0.764199524,0.810040941,1.002197146
265,X264,100.2,17.85,1.250105143,7.466803074,6.30640173,0.859265192,0.801079696,1.00378406
266,X265,100.2,17.85,1.252523065,7.47757864,6.329557419,0.885347327,0.817877817,1.008119226
267,X266,100.2,17.85,1.246519566,7.481500626,6.311468124,0.751050348,0.820904788,1.004168987
268,X267,100.2,17.85,1.256060719,7.488498211,6.342672825,0.752132965,0.805787908,1.008491635
269,X268,100.2,17.85,1.253953099,7.496824741,6.30795002,0.842858937,0.795914069,1.008457065
270,X269,100.2,17.85,1.249755979,7.500157356,6.329351425,0.92043438,0.834608995,1.003901839
271,X270,100.2,17.85,1.240665793,7.489542007,6.342758656,0.795868781,0.831830748,0.997969389
272,X271,100.2,17.85,1.255110621,7.4842453,6.379683018,0.777079492,0.801810787,1.005820036
273,X272,100.2,17.85,1.24595809,7.496423244,6.371479511,0.89194846,0.80036106,1.006046057
274,X273,100.2,17.85,1.252473593,7.495882988,6.385347843,0.949507168,0.834524348,1.004149079
275,X274,100.2,17.85,1.25125289,7.50211525,6.432758808,0.790628751,0.856830985,1.00704658
276,X275,100.2,17.85,1.251473665,7.481576443,6.472506046,0.696366906,0.808213979,1.002132297
277,X276,100.2,17.85,1.259705067,7.482974052,6.503679752,0.834728076,0.803674319,1.010134816
278,X277,100.2,17.85,1.268351197,7.492898941,6.532692909,0.866745902,0.829494577,1.018653393
279,X278,100.2,17.85,1.268254399,7.497768879,6.501024723,0.770020367,0.825405105,1.018082738
280,X279,100.2,17.85,1.262210608,7.515249252,6.456913471,0.767848684,0.802087478,1.014707088
281,X280,100.2,17.85,1.254794955,7.516993046,6.421076775,0.901463598,0.831283205,1.008882165
282,X281,100.2,17.85,1.262890816,7.520608425,6.485686779,0.987067533,0.842755736,1.014079094
283,X282,100.2,17.85,1.277504325,7.536063194,6.522579193,0.797755701,0.838086105,1.025302052
284,X283,100.2,17.85,1.278261065,7.545472622,6.55839777,0.782407221,0.808194625,1.02621913
285,X284,100.2,17.85,1.288582921,7.554153919,6.622561455,0.878447256,0.798871161,1.033733964
286,X285,100.2,17.85,1.286551833,7.566473007,6.638938904,0.91145458,0.828583277,1.037415981
287,X286,100.2,17.85,1.298319936,7.571553707,6.702903748,0.749832624,0.833081586,1.042289615
288,X287,100.2,17.85,1.289436221,7.58032608,6.639942169,0.74563031,0.795328785,1.03875041
289,X288,100.2,17.85,1.283664823,7.575972557,6.707744598,0.873037401,0.792895176,1.030644536
290,X289,100.2,17.85,1.292094588,7.588781357,6.715116501,0.903262657,0.819708319,1.036926746
291,X290,100.2,17.85,1.286835194,7.594055176,6.781731129,0.789542297,0.833723181,1.033706903
292,X291,100.2,17.85,1.292900801,7.604383469,6.746647358,0.816117511,0.8038076,1.037659407
293,X292,100.2,17.85,1.307551861,7.615280151,6.742092609,0.947116633,0.821328039,1.048926115
294,X293,100.2,17.85,1.31762743,7.63794136,6.72340107,0.957055838,0.835591361,1.057832479
295,X294,100.2,17.85,1.315687776,7.633858681,6.72210598,0.785848772,0.839877409,1.055533051
296,X295,100.2,17.85,1.308775306,7.631996155,6.720960617,0.761181961,0.809488006,1.053012967
297,X296,100.2,17.85,1.308495402,7.629049778,6.781324863,0.893079983,0.812410042,1.051736593
298,X297,100.2,17.85,1.312831759,7.637881279,6.826508522,0.923665231,0.835878703,1.055557609
299,X298,100.2,17.85,1.304034233,7.646793365,6.804095745,0.772497008,0.840453819,1.04844749
300,X299,100.2,17.85,1.31036675,7.647074699,6.846489429,0.774014513,0.805880331,1.051639199
301,X300,100.2,17.85,1.319810271,7.644955635,6.869037628,0.87237056,0.786087493,1.058827281
302,X301,100.2,17.85,1.314590812,7.644342422,6.917966366,0.893227429,0.840150354,1.054774404
303,X302,100.2,17.85,1.312289596,7.636845589,6.94540453,0.730075672,0.829178458,1.054810524
304,X303,100.2,17.85,1.331729054,7.647200584,6.933202744,0.640116935,0.807689849,1.065530777
305,X304,100.2,17.85,1.34221065,7.656093121,6.905430794,0.800562318,0.803752742,1.075654149
306,X305,100.2,17.85,1.33602047,7.664548874,6.938885689,0.838000536,0.825891644,1.076067924
307,X306,100.2,17.85,1.343859196,7.657505035,7.002289295,0.757302503,0.823998205,1.075642705
308,X307,100.2,17.85,1.34831214,7.663178444,7.011002064,0.691181047,0.802959988,1.080914497
309,X308,100.2,17.85,1.35626483,7.68206501,7.076551437,0.827814435,0.802939024,1.089889407
310,X309,100.2,17.85,1.361235142,7.69119215,7.108831882,0.895989775,0.843061794,1.09187603
311,X310,100.2,17.85,1.356718779,7.702171326,7.111182213,0.737459858,0.828406042,1.090013981
312,X311,100.2,17.85,1.364181876,7.693510056,7.163921356,0.698387041,0.804600557,1.092993379
313,X312,100.2,17.85,1.356269002,7.705714703,7.165584087,0.816351771,0.799547654,1.092506528
314,X313,100.2,17.85,1.360256314,7.704440117,7.22849369,0.900603324,0.834913766,1.09020853
315,X314,100.2,17.85,1.368151546,7.720176697,7.241100311,0.782397136,0.817345972,1.098317862
316,X315,100.2,17.85,1.363022566,7.732690811,7.260326862,0.766702093,0.807757043,1.095760822
317,X316,100.2,17.85,1.352529764,7.734903812,7.273655415,0.891875368,0.791740775,1.088086367
318,X317,100.2,17.85,1.356814146,7.726259708,7.343917847,0.993932654,0.823719214,1.086243629
319,X318,100.2,17.85,1.368142009,7.734855652,7.391690254,0.773696772,0.824554914,1.096373796
320,X319,100.2,17.85,1.381571054,7.761666298,7.328976154,0.724706864,0.797310594,1.106662512
